{
  "cv_pooled": {
    "volume_auroc": [
      0.9120348837209302,
      0.8802920697020277,
      0.9400258447741717
    ],
    "ap": [
      0.7333467115314393,
      0.6459957135021439,
      0.8111596738954421
    ],
    "sens_at_2.0fp": [
      1.0,
      1.0,
      1.0
    ],
    "brier": [
      0.10390943203884657,
      0.09135551971195457,
      0.11691389203194792
    ],
    "ece": [
      0.11965176303690844,
      0.09633951912683897,
      0.14892039773410853
    ]
  },
  "holdout": {
    "volume_auroc": [
      0.9495454545454546,
      0.8966931262091726,
      0.9868383447128851
    ],
    "ap": [
      0.8295145082383872,
      0.6576886433977402,
      0.9530836665097578
    ],
    "sens_at_2.0fp": [
      1.0,
      1.0,
      1.0
    ],
    "brier": [
      0.1068215443462622,
      0.08895104009597028,
      0.12710887600408224
    ],
    "ece": [
      0.19715556160348363,
      0.16337780561603482,
      0.24002955702484627
    ]
  },
  "per_fold_volume_auroc": [
    [
      0,
      0.943089430894309,
      0.8553237244264795,
      0.9921649235606598
    ],
    [
      1,
      0.8048696844993142,
      0.700780668234372,
      0.8967852620630399
    ],
    [
      2,
      0.8845867460908414,
      0.7843928404745703,
      0.9668635566629752
    ],
    [
      3,
      0.9530900967982129,
      0.8962953060011883,
      0.9914616085668716
    ],
    [
      4,
      0.9628164556962026,
      0.9133012465373962,
      0.9980030956848029
    ]
  ]
}